,Name of File,Vehicleregistrationplatebymodel
0,DataVal1.png,AD31772A4B5
1,DataVal2.png,B147SA
2,DataVal3.png,B1743VO
3,DataVal4.png,B1101TMLD
4,DataVal5.png,B1218TLQ
5,DataVal6.png,AD5064DEQ
6,DataVal7.png,B1612UOI
7,DataVal8.png,B1375TFG
8,DataVal9.png,B1123UL
9,DataVal10.png,B27V
10,DataVal11.png,B1184SS
11,DataVal12.png,B1957UN
12,DataVal13.png,B1037UL
13,DataVal14.png,B1006KVL
14,DataVal15.png,B1036UL
15,DataVal16.png,B1677EJQ
16,DataVal17.png,B1339UJP
17,DataVal18.png,B1806UTC
18,DataVal19.png,A8763AE
19,DataVal20.png,AB3073H
20,DataVal21.png,B1819UL
21,DataVal22.png,AB1628GK
22,DataVal23.png,B1052TVH
23,DataVal24.png,B1562PIQ
24,DataVal25.png,B1895WLT
25,DataVal26.png,B1572RFO
26,DataVal27.png,B1487VD
27,DataVal28.png,B1790SJO
28,DataVal29.png,AB6110ZS
29,DataVal30.png,B19EDY
30,DataVal31.png,B1254TFX
31,DataVal32.png,B1674IJK
32,DataVal33.png,B1877TJV
33,DataVal34.png,AB8644PK
34,DataVal35.png,B1084TLS
35,DataVal36.png,B1300UGY
36,DataVal37.png,B1064TFR
37,DataVal38.png,B1086YS
38,DataVal39.png,B1167UM
39,DataVal40.png,B1235QO
40,DataVal41.png,B1099QR
41,DataVal42.png,B1683WOX
42,DataVal43.png,AB2903
43,DataVal44.png,B1566TJP
44,DataVal45.png,B1067NBFE
45,DataVal46.png,B1282TJB
46,DataVal47.png,A8014VA
47,DataVal48.png,AD3864WI
48,DataVal49.png,B1626TID
49,DataVal50.png,A1565E
50,DataVal51.png,B1841PZY
51,DataVal52.png,B1770TIC
52,DataVal53.png,B104WSP
53,DataVal54.png,AG1136LN
54,DataVal55.png,AB1528QR
55,DataVal56.png,AD53917UL
56,DataVal57.png,B1562PID
57,DataVal58.png,B1052TVH
58,DataVal59.png,AB3272HD
59,DataVal60.png,B1855SL0
60,DataVal61.png,B1036UL
61,DataVal62.png,B1493NJE
62,DataVal63.png,B1289QNO
63,DataVal64.png,B1284UL
64,DataVal65.png,AEB115FX
65,DataVal66.png,B1162B
66,DataVal67.png,B1316VKD
67,DataVal68.png,B1895EJB
68,DataVal69.png,AIIS
69,DataVal70.png,AA1217LE
70,DataVal71.png,B1918SJA
71,DataVal72.png,B1708JP
72,DataVal73.png,AB1155ML
73,DataVal74.png,B1724ZU
74,DataVal75.png,A5B6817KR
75,DataVal76.png,B1909EZE
76,DataVal77.png,B1040UN
77,DataVal78.png,A8014VA
78,DataVal79.png,B1913VMJC
79,DataVal80.png,B1568VD
80,DataVal81.png,B1792BAG
81,DataVal82.png,B1036UL
82,DataVal83.png,B090VD
83,DataVal84.png,B1215TJT
84,DataVal85.png,AE7023UP
85,DataVal86.png,B1946TKN
86,DataVal87.png,B1281SRM
87,DataVal88.png,B1088B0S
88,DataVal89.png,B1417SRT
89,DataVal90.png,B1405TJT
90,DataVal91.png,B1493TMR
91,DataVal92.png,AB6477TY
92,DataVal93.png,B1474TJS
93,DataVal94.png,B1936BJOD
94,DataVal95.png,B1395TJW
95,DataVal96.png,AB6161H2ZD
96,DataVal97.png,AB1519RN
97,DataVal98.png,B1036EYB
98,DataVal99.png,B1269TJI
99,DataVal100.png,AB6167QU
